{"cameraMode":{"drawMode":0,"name":"Shaded","section":"Shading Mode"},"sceneLighting":false,"audioPlay":false,"sceneViewState":{"showFog":true,"showMaterialUpdate":false,"showSkybox":false,"showFlares":true,"showImageEffects":true,"showParticleSystems":true,"showVisualEffectGraphs":true,"m_FxEnabled":true},"in2DMode":false,"pivot":{"x":0.011594712734222412,"y":1.460465669631958,"z":-0.010950267314910889},"rotation":{"x":-0.26817697286605837,"y":0.0002853231271728873,"z":-0.00007941851072246209,"w":-0.9633705019950867},"size":3.041682720184326,"orthographic":false}