{"cameraMode":{"drawMode":0,"name":"Shaded","section":"Shading Mode"},"sceneLighting":false,"audioPlay":false,"sceneViewState":{"showFog":true,"showMaterialUpdate":false,"showSkybox":false,"showFlares":true,"showImageEffects":true,"showParticleSystems":true,"showVisualEffectGraphs":true,"m_FxEnabled":true},"in2DMode":false,"pivot":{"x":1.5000038146972657,"y":0.009999999776482582,"z":3.4499969482421877},"rotation":{"x":-0.2998008131980896,"y":-0.009734293445944786,"z":0.003059219568967819,"w":-0.9539483189582825},"size":26.510616302490236,"orthographic":false}