{"cameraMode":{"drawMode":0,"name":"Shaded","section":"Shading Mode"},"sceneLighting":false,"audioPlay":false,"sceneViewState":{"showFog":true,"showMaterialUpdate":false,"showSkybox":false,"showFlares":true,"showImageEffects":true,"showParticleSystems":true,"showVisualEffectGraphs":true,"m_FxEnabled":true},"in2DMode":false,"pivot":{"x":-22.813451766967775,"y":-0.2550000548362732,"z":0.029999971389770509},"rotation":{"x":-0.26817697286605837,"y":0.0002853231271728873,"z":-0.00007941851072246209,"w":-0.9633705019950867},"size":2.828428268432617,"orthographic":false}